date,my_HML,my_SMB,FF_HML,FF_SMB
2024-12-31,-2.966266152406517,-2.5336943290591725,-2.95,   -2.73
2024-11-30,-0.4598087886425503,5.112687959336211,-0.05,    4.63
2024-10-31,0.7955042057282279,-0.844656834455474,0.89,   -1.01
2024-09-30,-2.7959418281853026,-0.26524045945794184,-2.59,   -0.17
2024-08-31,-0.7786899136688933,-3.7483318724159895,-1.13,   -3.55
2024-07-31,5.827305811180699,6.858465378932991,5.74,    6.80
2024-06-30,-3.6164230755177913,-3.096061374805447,-3.31,   -3.06
2024-05-31,-1.466037281076276,0.9265608189304941,-1.67,    0.78
2024-04-30,-0.7102842710474538,-2.199049120130097,-0.52,   -2.39
2024-03-31,4.542210659103628,-2.3900474345691336,4.22,   -2.51
2024-02-29,-3.271770141352201,-0.3099189925479945,-3.52,   -0.22
2024-01-31,-2.5749764338198067,-4.919408800248921,-2.47,   -5.02
2023-12-31,5.108374347418492,6.201683964633584,4.92,    6.36
2023-11-30,1.7444833260068764,-0.47526601944635344,1.66,   -0.03
2023-10-31,-0.18842424573287733,-4.0846836379299525,0.19,   -3.88
2023-09-30,1.1009570797518937,-2.602104599425619,1.45,   -2.49
2023-08-31,-1.3715098975487263,-3.2142760312879255,-1.08,   -3.20
2023-07-31,4.878660563490108,2.2423503159237157,4.11,    2.05
2023-06-30,-0.6082907334197224,1.5578383014871868,-0.2,    1.55
2023-05-31,-7.706922490212381,2.027954815614412,-7.74,    1.60
2023-04-30,0.12263050035711508,-3.385976225675373,-0.05,   -3.36
2023-03-31,-8.5386109164634,-5.387517962439199,-8.87,   -5.51
2023-02-28,-1.0235579769474021,0.8180364064397125,-0.83,    1.17
2023-01-31,-3.8192186550152067,5.28201091745929,-4.0,    5.01
2022-12-31,1.261453959766716,-0.9700013068016835,1.34,   -0.69
2022-11-30,1.5948904947577034,-3.812539264234576,1.41,   -3.51
2022-10-31,8.122896848038318,-0.47247844587063603,8.06,    0.07
2022-09-30,-0.14469975537655805,-0.8448722366346639,0.02,   -0.82
2022-08-31,0.17993091092145322,1.3798379004129036,0.29,    1.40
2022-07-31,-4.310352606663869,2.735816412793604,-4.03,    2.80
2022-06-30,-5.65942681798629,1.9985053435495905,-6.1,    2.18
2022-05-31,7.946054129149472,-1.6698671935020202,8.59,   -1.96
2022-04-30,5.723070732328204,-1.450682237905819,6.17,   -1.38
2022-03-31,-2.2328336309166423,-1.5505961692772507,-1.76,   -1.66
2022-02-28,3.1895369889036593,2.2259795096703168,3.1,    2.19
2022-01-31,12.583547698060308,-5.882917247167912,12.8,   -5.96
2021-12-31,3.2747076575826832,-1.8293920401000703,3.22,   -1.64
2021-11-30,-0.7020205891771908,-1.2674786242385458,-0.41,   -1.32
2021-10-31,-0.45725579755514567,-2.2241632328910903,-0.45,   -2.37
2021-09-30,4.744095293575687,0.6614491897262851,5.1,    0.67
2021-08-31,0.012083104042579992,-0.30920432706436246,-0.1,   -0.46
2021-07-31,-1.5284269322799753,-3.8580629432976,-1.81,   -3.94
2021-06-30,-7.735650385588322,1.6968892578885162,-7.75,    1.60
2021-05-31,7.097259435980499,-0.24627438714873995,7.13,   -0.27
2021-04-30,-0.692474452093629,-3.104110737200417,-0.95,   -3.20
2021-03-31,7.196173850334977,-2.425426477244938,7.27,   -2.28
2021-02-28,7.330172239327702,2.1437724427170153,7.1,    2.07
2021-01-31,2.846730114012272,7.595806370098339,2.85,    7.50
2020-12-31,-1.5937420015111252,4.912952182598456,-1.34,    4.79
2020-11-30,2.4610829004307804,5.744364521346668,2.15,    5.72
2020-10-31,3.865376127539946,4.33244282141464,4.31,    4.27
2020-09-30,-2.688243121641813,-0.019763060714395736,-2.65,   -0.03
2020-08-31,-2.758092137454779,-0.19505160937825922,-2.88,   -0.28
2020-07-31,-1.402150525530956,-2.375735794453842,-1.44,   -2.30
2020-06-30,-2.1740979349875658,2.47724778697007,-2.23,    2.69
2020-05-31,-5.042141439037443,2.4793671081296687,-4.85,    2.49
2020-04-30,-1.2020537213693838,2.7738953299451086,-1.34,    2.45
2020-03-31,-14.019045329938018,-5.1742912645342285,-13.88,   -4.79
2020-02-29,-3.927857349421403,0.9944486971858957,-3.8,    1.07
2020-01-31,-6.102686254954957,-3.0227815765523722,-6.25,   -3.13
2019-12-31,1.8743312183804386,0.628635465788941,1.78,    0.73
2019-11-30,-1.9984656864286146,0.817931378442567,-1.99,    0.78
2019-10-31,-2.011457118353706,0.2978019122425776,-1.9,    0.29
2019-09-30,6.797626045376798,-0.8953866796572275,6.77,   -0.97
2019-08-31,-4.879201898717442,-2.4469035346929964,-4.79,   -2.39
2019-07-31,0.5800584419931744,-1.830900130978865,0.47,   -1.93
2019-06-30,-0.8446705246150918,-0.024950101126859636,-0.7,    0.28
2019-05-31,-2.33121464561189,-1.2671928919852027,-2.37,   -1.31
2019-04-30,2.2708865789781143,-1.8016438274739317,2.16,   -1.72
2019-03-31,-4.137482202378926,-3.069293650850411,-4.12,   -3.05
2019-02-28,-2.775841152877839,1.937080773875429,-2.71,    2.06
2019-01-31,-0.5310531130552589,2.839783188029642,-0.45,    2.88
2018-12-31,-1.670179699907051,-2.3632166304420927,-1.88,   -2.37
2018-11-30,0.1268303722369692,-0.6502334271760635,0.28,   -0.68
2018-10-31,3.383523382646436,-4.670878561293683,3.4,   -4.74
2018-09-30,-1.4100826071659247,-2.397672668329494,-1.71,   -2.29
2018-08-31,-4.121494724936552,1.0556620409030988,-4.0,    1.15
2018-07-31,0.6247505954190782,-2.1434673076417745,0.45,   -2.22
2018-06-30,-1.7016834870726627,0.7271896080281604,-2.33,    1.14
2018-05-31,-3.1741418599912237,5.173789373974122,-3.22,    5.26
2018-04-30,0.7631134663378794,0.712810858839753,0.54,    1.13
2018-03-31,-0.5885983636353911,4.1448686617588,-0.2,    4.06
2018-02-28,-1.1290448897655598,0.23910388870826485,-1.04,    0.26
2018-01-31,-1.812718445194167,-2.7192820410609464,-1.28,   -3.12
2017-12-31,-0.08754080425396205,-1.189924204555864,0.06,   -1.32
2017-11-30,-0.6747280824411793,-0.21290149953415646,-0.03,   -0.54
2017-10-31,0.09206183866330396,-1.6726207481796385,0.19,   -1.94
2017-09-30,3.339921782647911,4.052186722350191,3.12,    4.47
2017-08-31,-2.16116692634905,-1.6330576773872556,-2.1,   -1.67
2017-07-31,-0.2689538672647653,-1.487275312919543,-0.31,   -1.50
2017-06-30,1.327578542911842,2.0564855626812437,1.48,    2.25
2017-05-31,-3.5847974462424013,-2.417427263703158,-3.78,   -2.57
2017-04-30,-2.0646757350143763,0.6911715311399727,-2.13,    0.73
2017-03-31,-3.2805693507931015,1.1236717850297562,-3.35,    1.14
2017-02-28,-1.711513415888173,-1.9040350417842067,-1.67,   -2.05
2017-01-31,-2.7845416566748176,-1.0232105314923634,-2.75,   -1.18
2016-12-31,3.4840482547866225,-0.017400621990670828,3.53,    0.10
2016-11-30,8.180654081363132,5.51879765068762,8.21,    5.71
2016-10-31,4.025661896819832,-4.2929395536384485,4.09,   -4.40
2016-09-30,-0.9989677606041716,1.926853476339455,-1.24,    2.12
2016-08-31,3.032674645585261,0.8138624925404583,3.18,    1.16
2016-07-31,-0.9512745019800956,2.8204543806092697,-1.32,    2.49
2016-06-30,-2.0173435980856667,0.7086016805344544,-1.48,    0.61
2016-05-31,-1.4140799817704794,-0.28718929728144915,-1.66,   -0.17
2016-04-30,3.489407761756744,0.40242896496239455,3.28,    0.76
2016-03-31,1.3683232817007742,0.569769608753784,1.19,    0.82
2016-02-29,-1.0981591374369968,0.9656952963321117,-0.57,    0.74
2016-01-31,1.4821099215695785,-2.7998422062279773,2.09,   -3.42
2015-12-31,-2.6198118047569525,-2.6736753137409983,-2.61,   -2.85
2015-11-30,-0.4101696028033744,3.6640950200023856,-0.42,    3.59
2015-10-31,-0.20026525764861164,-1.971330693623389,-0.46,   -1.89
2015-09-30,0.649187003602282,-2.564430327992242,0.56,   -2.62
2015-08-31,2.622795505537364,0.8120037293551513,2.77,    0.33
2015-07-31,-4.28664333200869,-3.638849736923471,-4.13,   -4.17
2015-06-30,-0.5621416740542252,2.813865307581153,-0.79,    2.91
2015-05-31,-1.1044317064016564,0.8124556532985916,-1.15,    0.94
2015-04-30,1.9666010212165477,-3.1214961235432277,1.82,   -3.06
2015-03-31,-0.5255307644021958,3.2308421850025053,-0.38,    3.04
2015-02-28,-1.6648007683562436,0.5524605424930863,-1.86,    0.63
2015-01-31,-3.600334799827718,-0.4761091972328005,-3.59,   -0.56
2014-12-31,2.2684058782729246,2.336792743228001,2.27,    2.49
2014-11-30,-3.2644816251098407,-1.9704347116082463,-3.1,   -2.06
2014-10-31,-2.0734925237463293,4.113747111153284,-1.8,    4.20
2014-09-30,-1.5323969509260127,-3.578620881020712,-1.35,   -3.70
2014-08-31,-0.9751046516276007,0.5427469701859422,-0.45,    0.40
2014-07-31,-0.22887681301505258,-4.052146077614541,0.04,   -4.30
2014-06-30,-0.2777525799651612,2.7289633171660577,-0.7,    3.09
2014-05-31,-0.0429307687729686,-1.7633709971636875,-0.13,   -1.88
2014-04-30,0.9718629264776318,-4.148905090911213,1.17,   -4.18
2014-03-31,4.744289815393378,-1.6605174207634736,4.93,   -1.81
2014-02-28,-0.3851517431776044,0.3672897228940028,-0.31,    0.34
2014-01-31,-1.8569997190903305,0.8160032932799904,-2.07,    0.89
2013-12-31,-0.12493911439354112,-0.47993246739403245,-0.02,   -0.47
2013-11-30,0.5499665998868364,0.9978748728236995,0.32,    1.29
2013-10-31,1.4600053578382948,-1.681045233141194,1.25,   -1.52
2013-09-30,-1.1975053666164095,2.901162369669885,-1.22,    2.87
2013-08-31,-2.6044700495647817,0.2778628704032233,-2.69,    0.27
2013-07-31,0.8969862664975126,1.7899262817709074,0.57,    1.87
2013-06-30,-0.06485813627767709,0.9977157091322044,0.03,    1.33
2013-05-31,2.796556632669805,1.618977591147685,2.63,    1.71
2013-04-30,0.46232877875762685,-2.4995083885354146,0.45,   -2.37
2013-03-31,0.012374610393423024,0.615182478535467,-0.19,    0.81
2013-02-28,-0.1129565531903097,-0.27628372422976233,0.11,   -0.27
2013-01-31,0.9632259667563148,0.3144833318133845,0.96,    0.34
2012-12-31,3.788220620075914,1.318560202596174,3.51,    1.48
2012-11-30,-1.0895862501909708,0.6904856299596881,-0.84,    0.63
2012-10-31,3.935596144564421,-1.2665673732641687,3.59,   -1.15
2012-09-30,1.4842340335709026,0.5651214244107854,1.6,    0.51
2012-08-31,1.5434065050882584,0.3244690798615911,1.3,    0.47
2012-07-31,-0.2958619231101552,-2.421279215925329,-0.02,   -2.75
2012-06-30,0.5895777074164603,0.7610150919300028,0.62,    0.67
2012-05-31,-1.261908903737627,0.3538463301594852,-1.07,    0.07
2012-04-30,-0.8262259278644192,-0.32040010412083264,-0.78,   -0.42
2012-03-31,1.2798858517271794,-0.8072582903348009,1.14,   -0.64
2012-02-29,0.6123507171711666,-1.9766198267624453,0.43,   -1.85
2012-01-31,-0.7678982853384885,1.8995864228539765,-0.97,    2.04
2011-12-31,1.84905405893868,-0.765069924260049,1.63,   -0.59
2011-11-30,-0.6807651439584907,0.04664440946610107,-0.45,   -0.16
2011-10-31,0.37157457563871954,2.9981617670961884,0.11,    3.28
2011-09-30,-1.967437868956834,-2.9670547869871875,-1.73,   -3.31
2011-08-31,-2.8241172291158843,-2.6635902448928936,-2.36,   -3.05
2011-07-31,-0.9710451567910685,-1.2250058003850923,-0.89,   -1.27
2011-06-30,-0.41584405876912284,-0.25547089545449214,-0.42,   -0.12
2011-05-31,-1.7617819187504478,-0.7990644152655123,-2.12,   -0.59
2011-04-30,-2.529542077458606,-0.23599758277457403,-2.43,   -0.38
2011-03-31,-1.618528506582923,2.491341299196386,-1.83,    2.54
2011-02-28,0.9665900789005887,1.736612567323187,1.27,    1.53
2011-01-31,0.5947482612991847,-2.231625852892596,0.82,   -2.50
2010-12-31,4.183053540807516,0.20320097024151135,3.69,    0.73
2010-11-30,-1.1097697877753145,3.8776099579442143,-0.96,    3.76
2010-10-31,-2.2195748568223275,0.8820412749042245,-2.42,    1.13
2010-09-30,-3.180816423331412,3.848250376185834,-3.16,    3.96
2010-08-31,-2.469218058986443,-2.5047102091536675,-1.9,   -3.00
2010-07-31,0.19869151171697103,-0.1631594365495717,-0.31,    0.20
2010-06-30,-4.631112409066201,-1.8758284515035326,-4.7,   -1.81
2010-05-31,-2.376688943617976,0.08081275287903367,-2.44,    0.09
2010-04-30,2.916047607675458,4.833030961074529,2.89,    4.87
2010-03-31,2.25833551489934,1.4755831546734501,2.21,    1.48
2010-02-28,3.057786512385046,1.1505152511385348,3.22,    1.19
2010-01-31,0.20557146062571696,0.38125769713111685,0.43,    0.40
2009-12-31,-0.15795589602948454,6.097970961732016,-0.16,    6.05
2009-11-30,-0.31615836656010005,-2.381047282167574,-0.34,   -2.40
2009-10-31,-4.18570834810352,-4.094901455882626,-4.21,   -4.35
2009-09-30,1.139291099162261,2.335684094993906,1.04,    2.43
2009-08-31,7.45513688380007,-1.0797914260510613,7.63,   -1.08
2009-07-31,4.808709299738675,1.9388308967980314,4.83,    1.87
2009-06-30,-2.694705212220347,2.4478444434590383,-2.73,    2.63
2009-05-31,0.3803907381907515,-2.4973163864451102,0.28,   -2.52
2009-04-30,5.155871443267311,5.018122672445573,5.36,    5.39
2009-03-31,3.1834956717810945,-0.045543816779856916,3.47,    0.03
2009-02-28,-6.562669231488128,0.18973504317291584,-6.95,    0.05
2009-01-31,-11.185277154021934,0.31099962176358714,-11.29,    0.07
2008-12-31,-0.14265475007668796,3.6427733352247507,0.14,    3.46
2008-11-30,-5.934424540471229,-2.848771842016003,-6.31,   -2.85
2008-10-31,-2.144574856834272,-2.504061149782588,-2.3,   -2.60
2008-09-30,5.96894284620702,-1.1891270055404162,5.91,   -1.23
2008-08-31,1.503329137134252,3.396416024074564,1.59,    3.60
2008-07-31,5.249887040050172,2.5578474770253603,5.42,    2.60
2008-06-30,-2.5215178033261525,1.0308640007896552,-2.71,    1.23
2008-05-31,-1.477111961000124,2.885128542928646,-1.43,    2.96
2008-04-30,-0.7085578782133,-1.702713049718043,-0.94,   -1.72
2008-03-31,0.13280289804098222,0.777766043078034,0.3,    0.71
2008-02-29,-0.6679452896513629,-0.4451445615748201,-0.84,   -0.43
2008-01-31,4.093545773966314,-0.9870056009830424,3.97,   -1.03
2007-12-31,-0.35697796126327985,-0.010925250475172024,-0.55,    0.13
2007-11-30,-1.1528879341634686,-2.782329028077853,-0.94,   -2.93
2007-10-31,-2.8238858072998774,0.2108523675144799,-2.98,    0.08
2007-09-30,-2.2674910570812683,-2.2701804043784954,-2.21,   -2.23
2007-08-31,-1.9480656850116014,-0.12036635903561033,-1.86,   -0.13
2007-07-31,-3.6257493494316257,-2.614685619103576,-3.71,   -2.61
2007-06-30,-0.992572638413155,0.6667359625007258,-1.05,    0.75
2007-05-31,-0.5445962581747038,0.2656884661584702,-0.65,    0.24
2007-04-30,-1.4390585094863608,-2.1992131992934536,-1.45,   -2.16
2007-03-31,-0.8701236797837254,0.10089535367543684,-0.97,    0.16
2007-02-28,-0.016742318604686356,1.2554316266211136,-0.14,    1.19
2007-01-31,-0.7403263292936464,0.14089957371400258,-0.68,    0.12
2006-12-31,2.719728908331713,-1.2526693591051736,2.73,   -1.15
2006-11-30,-0.04334458617628427,0.7668993783401686,0.14,    0.70
2006-10-31,-0.21728780160564856,1.788446174371308,-0.31,    1.75
2006-09-30,0.044568509355630975,-1.2219978730489336,0.08,   -1.36
2006-08-31,-1.9327599077773885,0.8991210130942735,-2.06,    1.03
2006-07-31,2.6418460593335356,-4.054859470797282,2.6,   -3.98
2006-06-30,0.796017144475045,-0.4370811470591226,0.85,   -0.39
2006-05-31,2.355688865842335,-2.999344689702586,2.41,   -2.96
2006-04-30,2.4304411537669113,-1.421267427874356,2.34,   -1.42
2006-03-31,0.5299351914880047,3.3749524716569472,0.6,    3.44
2006-02-28,-0.5383873499850853,-0.38396756553211925,-0.34,   -0.38
2006-01-31,1.0698698407935463,5.474419060079104,1.08,    5.40
2005-12-31,0.2032994307597122,-0.39125813779826923,0.2,   -0.42
2005-11-30,-1.2720020192569153,0.9564270053612371,-1.16,    1.00
2005-10-31,0.22873775128906468,-1.3377888265554625,0.42,   -1.25
2005-09-30,0.8172303357981617,-0.7117097803414587,0.71,   -0.65
2005-08-31,1.2151893362927233,-0.9613590741449364,1.32,   -0.97
2005-07-31,-0.8188381478052863,2.7491026771254723,-0.79,    2.91
2005-06-30,3.0013988934598457,2.428366029340744,2.83,    2.58
2005-05-31,-0.5499350840966005,2.86988235886966,-0.64,    2.88
2005-04-30,-0.048213928092866176,-3.9411272066139174,0.07,   -3.94
2005-03-31,2.0028775287734493,-1.4819707392109085,2.04,   -1.40
2005-02-28,1.5953390179829736,-0.4571711142960483,1.54,   -0.57
2005-01-31,2.2644836258998984,-1.7448325807142937,2.06,   -1.72
2004-12-31,-0.08911185558289209,-0.09582632911174782,-0.22,   -0.03
2004-11-30,1.556375105200515,3.6994573920112304,1.41,    3.74
2004-10-31,-0.43856779304808946,0.17471607823824412,-0.22,    0.15
2004-09-30,-0.00016284722592213585,3.0826629642280996,0.0,    3.01
2004-08-31,1.092315035347764,-1.423308379676063,0.97,   -1.48
2004-07-31,3.315397333213863,-3.699705452277223,3.24,   -3.82
2004-06-30,1.1791122750131844,2.242568879110392,1.18,    2.26
2004-05-31,-0.16603749126598305,-0.18283840163916232,-0.25,   -0.20
2004-04-30,-3.076643909139158,-1.8345661261117963,-3.07,   -1.70
2004-03-31,0.19591409128561654,1.776075039754001,0.27,    1.72
2004-02-29,1.0063281630466585,-1.4982288457223165,0.88,   -1.57
2004-01-31,2.343018203271906,2.6345854010641694,2.49,    2.55
2003-12-31,1.4407948949561835,-2.7565406011220355,1.6,   -2.67
2003-11-30,1.9138072821858056,2.0872230819143884,1.78,    2.08
2003-10-31,2.168446314038243,2.736343362968045,1.97,    2.69
2003-09-30,0.0580186594420197,0.8132116360725185,0.17,    0.79
2003-08-31,1.50455965967966,2.67293554331657,1.53,    2.59
2003-07-31,-1.104442116271974,5.201777936536707,-1.24,    5.06
2003-06-30,0.252543147883855,1.7107605135443626,0.11,    1.74
2003-05-31,0.7402845603797892,4.520543763424592,0.39,    4.67
2003-04-30,1.228358354606665,0.7724369107026272,1.15,    0.62
2003-03-31,-2.029992312609188,1.1073740903507796,-1.94,    1.02
2003-02-28,-1.2230958849412104,-0.462643531346146,-1.37,   -0.46
2003-01-31,-0.7009528230283373,1.29841729321736,-0.81,    1.32
2002-12-31,2.0843957018314248,-0.039204847797504744,2.14,    0.08
2002-11-30,-0.9361661424333867,3.2510799132861727,-1.26,    3.19
2002-10-31,-3.9180670987527746,-3.4039720562064475,-3.94,   -3.42
2002-09-30,1.2898288698824298,2.333224613027053,1.45,    2.41
2002-08-31,3.061838487200816,-2.8165115619831878,3.28,   -2.86
2002-07-31,-3.563609151253645,-5.076213479817011,-3.85,   -5.28
2002-06-30,0.8826361667763322,3.8901819186051907,-0.05,    4.29
2002-05-31,1.4512350129418643,-3.0048873002839698,1.53,   -3.21
2002-04-30,3.2228773680540495,6.412659944460181,3.88,    5.96
2002-03-31,0.3611398458100365,4.396093432570216,1.06,    4.21
2002-02-28,1.8699824107032137,-0.7426000507837819,2.16,   -1.01
2002-01-31,3.367010512299541,1.2055347725566374,3.44,    1.19
2001-12-31,1.1578829572447407,4.544218960095474,0.84,    4.74
2001-11-30,2.068854565639569,-0.46306452174341983,2.21,   -0.47
2001-10-31,-8.539003158952163,8.407336237553281,-7.65,    7.48
2001-09-30,2.471809656394293,-6.97094472205492,1.45,   -6.23
2001-08-31,2.9493613998629487,2.1829686700909248,2.31,    2.48
2001-07-31,6.642979979305908,-5.167533630949567,5.21,   -4.19
2001-06-30,-1.288373208302308,6.43471642684446,-1.12,    6.24
2001-05-31,3.4047510924190143,2.6243645764821304,3.36,    2.50
2001-04-30,-4.65190153037116,0.49655781218579387,-4.67,    0.55
2001-03-31,6.530533540290516,0.04703153982443045,6.42,    0.25
2001-02-28,12.336648816746559,-0.9448648471092114,12.47,   -0.78
2001-01-31,-5.245939430307444,6.86208519182307,-5.07,    6.68
2000-12-31,7.877609479857008,0.5979120018338606,7.61,    0.73
2000-11-30,12.336331571761148,-3.6824078763273893,12.3,   -3.41
2000-10-31,5.667219642307631,-4.168771664379282,5.71,   -3.88
2000-09-30,7.267101005223424,-1.9897698526659573,7.17,   -1.82
2000-08-31,-1.3442567977883957,-0.7232108436032489,-1.39,   -0.61
2000-07-31,8.370762432090352,-3.192407148103597,8.31,   -3.07
2000-06-30,-8.268173536551933,12.809411741421616,-8.42,   12.84
2000-05-31,4.80378577184081,-6.259270700895519,4.75,   -6.05
2000-04-30,7.606556523186993,-6.9100417413681825,7.26,   -6.68
2000-03-31,8.478843773095823,-17.364795353148622,8.13,  -17.20
2000-02-29,-9.631444600561286,21.339551420187032,-9.59,   21.36
2000-01-31,-1.715028739408371,5.67978135021033,-1.88,    5.77
1999-12-31,-7.61533977489318,6.706712635828678,-8.33,    7.03
1999-11-30,-5.787426690850353,7.083630846234669,-6.12,    7.21
1999-10-31,-3.51603868759741,-6.566887065530603,-3.37,   -6.64
1999-09-30,-3.6846017912975535,3.637586074193434,-3.49,    3.41
1999-08-31,-1.8152655001760813,-0.9947398517812733,-1.87,   -0.94
1999-07-31,-0.2942070731459884,2.4448324148955085,-0.44,    2.60
1999-06-30,-3.5533388019777874,3.054230424316097,-3.19,    3.10
1999-05-31,2.5242914052488885,3.4097485551076696,2.35,    3.34
1999-04-30,2.5475397483975595,3.642920095167448,2.46,    3.91
1999-03-31,-2.789771952333314,-3.6628838487065787,-2.74,   -3.80
1999-02-28,1.8859818484723165,-5.890709827932415,1.92,   -6.08
1999-01-31,-4.745071589347803,0.49784592371423364,-4.6,    0.75
1998-12-31,-4.734292232030652,-0.18325415674936632,-4.19,   -0.50
1998-11-30,-3.1109744168077325,1.0806874639183075,-3.25,    1.23
1998-10-31,-2.557409121745774,-3.0722454930234866,-2.23,   -3.12
1998-09-30,-3.503222810402408,0.025660246756577243,-3.42,    0.09
1998-08-31,3.7971607102545213,-5.610891338067637,3.53,   -5.69
1998-07-31,-1.454558799264262,-4.9228914578874035,-1.78,   -4.91
1998-06-30,-1.9336274562537958,-3.301694746350613,-1.96,   -3.21
1998-05-31,3.243563732104024,-3.5014309339903265,3.44,   -3.38
1998-04-30,0.9093324366657605,0.059543271422203906,0.94,    0.07
1998-03-31,1.4281500779367844,-1.2445644439039207,1.39,   -1.14
1998-02-28,-0.7270390991870018,0.17690273714608962,-0.85,    0.32
1998-01-31,-1.6124426504289568,-1.0602899324079091,-1.63,   -1.07
1997-12-31,3.7123536457767727,-2.2704226722124257,3.84,   -2.48
1997-11-30,1.3455210342084023,-5.1623769140727935,1.2,   -5.12
1997-10-31,2.1084104294815593,-0.6879706703467082,2.27,   -0.73
1997-09-30,0.31674127995805906,2.5656689086193873,0.37,    2.53
1997-08-31,1.1678264453110114,7.271021281977736,1.18,    7.28
1997-07-31,0.2715543793078992,-2.6659568494435586,0.26,   -2.74
1997-06-30,1.4749677794643423,1.0578431206019367,1.58,    1.22
1997-05-31,-4.012863725054119,5.097078761894382,-4.13,    5.19
1997-04-30,-0.13387595549650377,-5.678557934369071,0.07,   -5.77
1997-03-31,3.4246917392002576,-0.41951290306978184,3.39,   -0.36
1997-02-28,5.746183940197931,-3.0864168949670217,5.67,   -3.22
1997-01-31,-1.6552169899956135,-1.8820071475058862,-1.42,   -1.95
1996-12-31,1.206930988360538,3.1748302768960666,1.31,    3.16
1996-11-30,1.431462238366986,-3.8695627261701566,1.39,   -4.02
1996-10-31,4.849097379131873,-4.440710502341524,4.94,   -4.44
1996-09-30,-2.7395612419873836,-0.9466379884212152,-2.72,   -0.98
1996-08-31,-0.8986476117416868,2.54908841153064,-0.74,    2.44
1996-07-31,5.153997960492017,-4.388748467503043,5.14,   -4.31
1996-06-30,2.4129223215604894,-4.062862978215093,2.35,   -4.01
1996-05-31,-0.9812712501404419,2.9994931603452306,-0.83,    3.17
1996-04-30,-3.97698292519407,5.26804454207171,-4.02,    5.23
1996-03-31,0.7810562150170397,1.5096144217901215,0.35,    1.49
1996-02-29,-1.1459455663787834,1.9544725385280515,-1.08,    1.79
1996-01-31,0.46109102122581963,-2.589601492410596,0.38,   -2.73
1995-12-31,0.4508138922719883,0.529091147695912,0.22,    0.70
1995-11-30,0.6389797238579014,-1.1763050584828176,0.51,   -1.09
1995-10-31,-0.3921339785739067,-3.909510170764082,-0.5,   -3.78
1995-09-30,-0.1064045427359113,-2.1014460926540504,-0.04,   -2.20
1995-08-31,2.9226767664410063,1.3170601768760453,2.79,    1.35
1995-07-31,-1.7574681346725198,2.0886479070646016,-1.62,    2.07
1995-06-30,-2.577378013426528,3.0811744111545916,-2.54,    3.18
1995-05-31,2.3073626616276592,-2.523524913835229,2.29,   -2.55
1995-04-30,1.5825814406600973,-0.4462987394996187,1.71,   -0.49
1995-03-31,-2.3429469103102436,-0.13494417743688536,-2.15,   -0.16
1995-02-28,0.953978012801153,-0.5731087162280997,1.08,   -0.66
1995-01-31,2.6231971417902353,-3.746141931059315,2.57,   -3.50
1994-12-31,-0.1553574277076208,0.28560852971377687,-0.13,    0.22
1994-11-30,-0.6915479249137226,0.24666783407071152,-0.7,    0.25
1994-10-31,-1.7480740038512292,-1.926898128003527,-1.62,   -2.24
1994-09-30,-1.746772555903408,3.031032982694945,-1.89,    3.14
1994-08-31,-2.535329741793663,1.578396636162336,-2.51,    1.45
1994-07-31,0.6195140404856584,-1.6207473136837538,0.58,   -1.81
1994-06-30,1.5593751470925392,-0.4686667922299572,1.67,   -0.41
1994-05-31,2.0682733943561225,-2.7046444087426442,0.67,   -2.15
1994-04-30,0.9790791821515664,-0.621925730576683,1.66,   -0.93
1994-03-31,1.8465330510142763,-1.2022335825130217,1.6,   -1.08
1994-02-28,-1.197907575030168,2.852624163925085,-1.54,    2.80
1994-01-31,2.181488315028303,-0.07409591765014031,1.15,    0.34
1993-12-31,0.413930083778033,1.2063222955770496,0.32,    1.23
1993-11-30,-0.5840631374059948,-1.5615203908045245,-0.74,   -1.25
1993-10-31,-2.854265359302531,2.0742568095297735,-2.76,    2.03
1993-09-30,0.7014096942650748,2.6964305943349873,-0.31,    3.04
1993-08-31,0.1695513804644208,0.1151572585612215,0.13,    0.13
1993-07-31,2.4864902793667736,0.8827421633005218,2.85,    0.96
1993-06-30,2.539061370168235,-0.4860551107395409,2.75,   -0.29
1993-05-31,-3.305921487059075,2.4742742244575506,-3.42,    2.04
1993-04-30,2.5679567290472716,-0.6592377799265435,2.49,   -0.67
1993-03-31,1.5954813537943395,0.5259577508563839,1.18,    0.24
1993-02-28,5.625630991007484,-3.2474121446887696,6.42,   -3.48
1993-01-31,6.595199956442752,1.2591040945187895,5.94,    1.89
1992-12-31,2.688391080489794,1.6212611698579096,2.62,    1.69
1992-11-30,-0.6311536127891106,3.389544371985039,-1.35,    3.76
1992-10-31,-1.3572467681576619,2.13899058935411,-1.98,    2.09
1992-09-30,-0.07571761949006287,0.7916036954891388,-0.26,    0.54
1992-08-31,-2.1216512860933414,0.37623768095584664,-1.1,   -0.13
1992-07-31,-1.554002067134215,0.06983395396919084,-0.56,   -0.47
1992-06-30,3.39173414057633,-3.120129938638953,3.24,   -3.07
1992-05-31,0.7676695073312173,0.5143840899371234,1.19,    0.41
1992-04-30,3.9105972448712953,-6.291491730422788,4.34,   -6.06
1992-03-31,3.508863848353024,-1.3243558944536455,3.56,   -1.04
1992-02-29,7.496610148359154,0.152764048876107,6.47,    0.87
1992-01-31,5.912053436231843,7.57942759499662,4.71,    8.46
1991-12-31,-3.2744819857638943,-1.9818235124712702,-4.17,   -2.24
1991-11-30,-2.742318254416223,-0.017295594722025603,-1.89,   -0.50
1991-10-31,-0.26735064520226615,0.8312243440072115,-0.47,    0.81
1991-09-30,-1.4257523391865627,1.79511933565016,-1.08,    1.64
1991-08-31,-0.5814144681925877,1.5912655261476587,-0.78,    1.58
1991-07-31,-1.049332168301853,-0.37989229970891647,-1.32,   -0.92
1991-06-30,0.7943256717454661,0.2891609183303063,1.15,    0.13
1991-05-31,0.3641983170200196,-0.5086287434650387,-0.52,   -0.40
1991-04-30,1.9989494966906902,0.5152066347677833,1.5,    0.48
1991-03-31,-0.5415215785882471,3.7537622157787496,-1.39,    3.93
1991-02-28,0.6643413145366123,3.459825017139166,-0.58,    3.95
1991-01-31,1.3471607129546024,3.018683661585232,-1.6,    3.81
1990-12-31,-0.8149663189574725,0.8027571349737296,-1.7,    0.81
1990-11-30,-0.624239571188423,-0.039881198547334074,-3.1,    0.43
1990-10-31,-2.590429730136545,-4.65294206434039,0.1,   -5.57
1990-09-30,-2.703267013920084,-2.7860458636321086,0.64,   -3.65
1990-08-31,1.2575554023968718,-3.5267935905394565,1.64,   -3.57
1990-07-31,-1.3694645991614185,-2.755601492614405,-0.03,   -3.12
1990-06-30,-2.1025059355634936,1.1184426549467186,-1.93,    1.40
1990-05-31,-3.414434441721902,-2.4737278269426595,-3.83,   -2.53
1990-04-30,-2.756749580626192,-0.16943417995277793,-2.59,   -0.46
1990-03-31,-2.969310332225893,1.528718086642281,-2.92,    1.50
1990-02-28,0.8903662261198809,0.9099820432083988,0.64,    0.99
1990-01-31,0.8590316437642326,-1.275958775591493,0.85,   -1.24
1989-12-31,-1.4680413761929405,-2.0493463907429113,0.16,   -2.36
1989-11-30,-2.1161937723888578,-0.9080675844776925,-1.09,   -1.24
1989-10-31,-1.9348762672621576,-2.965278053200955,-1.11,   -3.23
1989-09-30,-1.461286389221668,0.46834916856167486,-1.27,    0.32
1989-08-31,1.315912423638874,0.7008657424608423,0.6,    0.56
1989-07-31,-2.4282831492303933,-3.811499069247918,-2.79,   -4.14
1989-06-30,1.7240863754157079,-1.0524748099075176,2.25,   -1.02
1989-05-31,-1.0216397855084187,-0.0480830903824829,-0.88,   -0.05
1989-04-30,-1.3214837870260912,-0.6019231106682531,-1.42,   -0.68
1989-03-31,0.8820543961520471,0.47260587963299655,0.58,    0.67
1989-02-28,1.1471465975676978,2.930295727612238,1.01,    2.82
1989-01-31,0.8558878475160028,-2.2506267008894567,0.6,   -2.23
1988-12-31,-1.1324289452213558,2.1029590221669605,-1.69,    1.95
1988-11-30,0.7810957969833596,-1.5634507804069941,1.41,   -1.72
1988-10-31,1.3134878574799578,-3.1848497919073626,2.05,   -2.93
1988-09-30,-0.5473404169543478,-1.3363047506675785,-0.75,   -1.31
1988-08-31,2.3109786873147837,0.03960200288958757,2.15,    0.04
1988-07-31,2.5229907898945827,-0.42990376135205116,2.22,   -0.25
1988-06-30,-0.831508069155791,1.820082012432732,-1.24,    2.11
1988-05-31,1.9784724431117708,-2.44782115182112,2.42,   -2.60
1988-04-30,1.2915145512202866,0.7440658863879445,1.67,    1.00
1988-03-31,1.7203323182253514,6.200445179932525,0.73,    6.15
1988-02-29,-1.0345308081179165,3.390540996660328,-1.71,    3.34
1988-01-31,4.759697093843373,-1.0416884457809021,5.01,   -0.72
1987-12-31,-3.8979612396651904,0.12682929712098112,-4.43,    0.13
1987-11-30,2.32818236295345,2.7308501739744013,2.95,    2.72
1987-10-31,1.4523753278122387,-7.9041959435001585,4.24,   -8.43
1987-09-30,0.3590059202705564,0.7499212452776592,0.27,    0.54
1987-08-31,-1.1930640202103677,-0.6252746191801668,-0.93,   -0.77
1987-07-31,0.9216605520547344,-0.8134391508529668,0.68,   -0.69
1987-06-30,1.3850749444238748,-1.985241590838338,1.04,   -2.12
1987-05-31,0.3088159007269643,-0.3224887904845357,0.23,   -0.50
1987-04-30,1.0224861877623816,-1.5253576158461875,-0.39,   -1.69
1987-03-31,1.7335780209131901,0.23535286277580925,1.61,    0.45
1987-02-28,-4.535370631053728,3.556352982101712,-5.91,    3.49
1987-01-31,-2.390586949462112,-1.5879901556123357,-3.16,   -1.81
1986-12-31,0.12137010950065835,0.1603512995987759,0.36,    0.13
1986-11-30,-0.5053166402331638,-2.117360930204209,-0.07,   -1.91
1986-10-31,-1.3222014927599814,-2.4075562881216914,-1.42,   -2.50
1986-09-30,3.7660668856835144,2.193337163988334,3.22,    2.36
1986-08-31,3.2606053083581084,-4.113124968349559,3.51,   -4.17
1986-07-31,2.640983302961907,-3.5611665532376957,4.7,   -3.36
1986-06-30,-0.2911813753538032,-0.571230362617505,1.28,   -0.96
1986-05-31,-0.4113096747417805,-1.3404023390183553,-0.21,   -1.35
1986-04-30,-2.870086166499556,3.165900019768253,-2.87,    2.78
1986-03-31,-0.6553147908498362,-0.37762923598267384,-0.39,   -0.59
1986-02-28,0.17818075140596662,-1.034320782100949,-0.72,   -0.54
1986-01-31,0.8701237919008687,0.6056945044340882,0.44,    1.21
1985-12-31,-1.8963867284191325,-0.22008813748739461,-1.54,   -0.51
1985-11-30,-2.3228332957908466,0.16957657827058742,-2.85,    0.25
1985-10-31,0.898393751203258,-1.2553730962328438,0.75,   -1.51
1985-09-30,1.2768650008207358,-1.4685865785376757,1.29,   -1.59
1985-08-31,1.4734947059234809,-0.23902778715680154,2.32,   -0.30
1985-07-31,-0.6075662921837903,2.801487683890931,-1.62,    2.84
1985-06-30,1.077556788919514,0.4137577412875716,0.38,    0.52
1985-05-31,-0.7783564175776192,-2.1537587369056435,-0.96,   -2.22
1985-04-30,3.91608531848943,0.027627113771171153,3.72,    0.14
1985-03-31,3.6266612922675496,-1.3226077269086802,4.07,   -1.08
1985-02-28,-0.031289736103502774,0.7387251432193802,-0.1,    0.79
1985-01-31,-4.795821915224257,3.330498767527605,-5.35,    3.31
1984-12-31,-0.36174180303840225,-0.5273718689898836,-0.26,   -0.56
1984-11-30,4.01806476773624,-0.771161121223594,4.06,   -0.65
1984-10-31,0.7886854171720756,-1.1318885332215702,0.45,   -1.23
1984-09-30,5.1801847621499775,-0.12562585964763587,5.28,    0.17
1984-08-31,-1.6654841367491429,-0.4926522859062546,-1.82,   -0.24
1984-07-31,0.9832078431507463,-2.126789468417882,0.36,   -2.21
1984-06-30,-2.527697778224687,-0.048901311537101824,-2.66,   -0.30
1984-05-31,-0.32971128307612496,0.07639726648256198,0.31,    0.06
1984-04-30,0.21215616853213345,-1.0489713248557573,1.2,   -1.16
1984-03-31,0.44301010420877296,0.21953231494353243,0.46,    0.07
1984-02-29,2.9761512261184135,-1.8294977533016579,3.33,   -1.69
1984-01-31,7.421254565316433,-0.34776132089288603,7.58,   -0.38
1983-12-31,2.071662258000372,-0.4642752955374406,1.73,   -0.27
1983-11-30,-0.05016144525621935,1.9839280388597291,-0.72,    2.01
1983-10-31,3.7613239554629967,-3.482461201391087,4.97,   -3.57
1983-09-30,0.6748986645699703,0.758195735410981,1.01,    0.61
1983-08-31,4.586704694335383,-4.426738338735437,5.54,   -4.28
1983-07-31,4.830813660637642,1.4663606011703931,5.62,    1.50
1983-06-30,-3.0967189763616463,1.0702512087668092,-3.9,    0.95
1983-05-31,-1.629133009725424,6.389925670191903,-1.4,    6.24
1983-04-30,2.1762883723879742,0.08132953574210011,0.49,    0.50
1983-03-31,3.0096901355596897,1.3743551887631718,2.02,    1.73
1983-02-28,1.6299461944821867,2.7625805777888868,0.7,    3.27
1983-01-31,-2.065613428924847,3.159967335663742,-0.75,    2.73
1982-12-31,-0.3979182358564617,-0.3107181917343282,-0.02,   -0.22
1982-11-30,-0.525252034677455,4.593151352083783,-1.87,    4.67
1982-10-31,-1.487758738836284,1.858279231110728,-3.66,    2.34
1982-09-30,0.8968100822354212,2.760533469959821,0.28,    2.95
1982-08-31,0.962875990545789,-4.246256794752044,0.95,   -4.14
1982-07-31,0.5334076204104609,0.9965738911924605,0.09,    0.83
1982-06-30,2.0246753646433953,-0.48719197607593884,1.53,   -0.40
1982-05-31,1.5352350740509624,0.19703312229887165,1.75,    0.52
1982-04-30,-2.882539888620781,1.7434873919295977,-2.7,    1.47
1982-03-31,4.257440752501984,-0.2272532575115508,3.81,   -0.21
1982-02-28,6.32901000155811,0.2930561444769435,6.05,    0.44
1982-01-31,3.5760475805638063,-1.2815458053677922,3.19,   -1.28
1981-12-31,1.0940925448688452,1.1495353970850912,0.81,    1.20
1981-11-30,1.7329956452402613,-1.2584052619913382,1.83,   -1.03
1981-10-31,-5.080913153128292,2.7916432549675045,-4.21,    2.23
1981-09-30,5.185592272414603,-2.642507039709103,5.17,   -2.65
1981-08-31,3.6282709535930393,-2.012753438003539,4.76,   -1.95
1981-07-31,-0.9632963972733694,-1.976585752298844,-0.5,   -2.19
1981-06-30,4.685570401304528,-0.9381733299509639,5.13,   -0.83
1981-05-31,-0.6547775408854061,2.049152114977911,-0.42,    2.00
1981-04-30,2.5042448437920592,4.350438499551752,2.28,    4.40
1981-03-31,1.8733114826428234,2.9617862927665204,0.64,    3.54
1981-02-28,1.4599467050098185,-0.6365184023035039,1.02,   -0.34
1981-01-31,6.264751267636133,3.0809727514836243,6.72,    2.92
1980-12-31,3.336000920319064,-0.31808673724722025,2.79,   -0.26
1980-11-30,-8.788972895920276,-2.9485028877259443,-8.33,   -3.36
1980-10-31,-3.0592936793061956,2.3752755218994346,-2.76,    2.47
1980-09-30,-4.212688491741965,1.2061754814929893,-4.59,    0.98
1980-08-31,-2.8181204792619723,4.274137852093939,-2.6,    3.92
1980-07-31,-4.5139693052058085,4.031364935104441,-6.41,    4.14
1980-06-30,-1.0309658844380127,1.303279404105772,-0.76,    1.66
1980-05-31,0.4880033484686519,2.124801712349965,0.38,    2.13
1980-04-30,0.17996933559715558,1.0594809227568085,1.06,    1.05
1980-03-31,-1.1097014873635014,-6.162730038184523,-1.01,   -6.64
1980-02-29,0.4537515726276651,-2.2011459711475747,0.61,   -1.85
1980-01-31,2.302946555438143,1.5554450516349128,1.75,    1.62
1979-12-31,-1.7049091482357088,4.067678621910945,-2.1,    4.17
1979-11-30,-3.47847066162878,2.6883001517570295,-3.29,    2.87
1979-10-31,-2.3531542248754964,-3.229130052420913,-1.84,   -3.37
1979-09-30,-0.8962175967455698,-0.5173459604451145,-0.9,   -0.27
1979-08-31,-1.0458029893210345,1.810529150552937,-1.58,    2.05
1979-07-31,2.191804732181867,1.261603975123648,1.86,    1.28
1979-06-30,0.8039804442996894,0.8998126527383438,1.44,    1.17
1979-05-31,0.9348303763249171,-0.00246978020483294,1.31,    0.21
1979-04-30,0.9696200460057884,2.0990647993549416,1.12,    2.15
1979-03-31,0.13815402991339126,2.9310010804331905,-0.71,    3.26
1979-02-28,0.44556437131653415,0.3898864200769483,1.17,    0.45
1979-01-31,2.713366687694199,3.427639660733315,2.19,    3.62
1978-12-31,-2.5914316454529844,1.2900260369779553,-2.13,    1.29
1978-11-30,-2.3216491451799866,2.845603883022277,-2.15,    2.97
1978-10-31,0.6756243623607966,-9.482122830490866,1.38,   -9.86
1978-09-30,1.7013628680661974,-0.4354495800008985,1.89,   -0.43
1978-08-31,-0.7193099289857299,5.011357273838069,-0.51,    5.06
1978-07-31,-0.9244746765033917,-0.02840267502717056,-1.15,    0.23
1978-06-30,0.601896470086446,1.765420695389048,0.57,    1.66
1978-05-31,-0.6295297042915489,4.655266248200941,-0.52,    4.56
1978-04-30,-3.467899149828725,0.610246910087564,-3.54,    0.45
1978-03-31,1.3972763204693497,3.511053778361759,1.18,    3.49
1978-02-28,1.0643756690706618,3.283474888554311,0.83,    3.59
1978-01-31,3.088962148496638,2.2675954017368762,3.36,    2.24
1977-12-31,-0.5540887522938067,1.6634714453725794,-0.29,    1.32
1977-11-30,0.10209706341501312,3.8497866209613534,0.26,    3.73
1977-10-31,1.7188690588173863,1.2050406016143982,1.75,    1.25
1977-09-30,-0.3980891090079808,1.2330407456920351,-0.52,    1.34
1977-08-31,-3.0914260007980263,1.7713744869402008,-2.7,    1.48
1977-07-31,-0.2903021093128726,1.8186396500659057,-0.56,    2.16
1977-06-30,-1.2049786681685215,2.185488679388989,-0.74,    2.09
1977-05-31,0.6945927805405211,1.2672083825044473,0.85,    1.18
1977-04-30,3.179699906914345,0.02588280117850998,3.38,   -0.12
1977-03-31,0.9581754096161785,1.2264851488598565,1.09,    1.00
1977-02-28,0.543306826081142,1.1326224114235652,0.47,    1.04
1977-01-31,4.194939721355639,4.648989195265939,4.27,    4.76
1976-12-31,2.661153225996464,2.946237234803248,2.27,    3.03
1976-11-30,1.2036492643013301,2.2866321344851945,1.51,    2.32
1976-10-31,-0.43736935469075033,0.24841597074043847,-0.18,    0.22
1976-09-30,-0.36433720731276764,-0.05983192881645616,-0.29,   -0.02
1976-08-31,0.43280040511129125,-1.8584286333410194,0.81,   -2.00
1976-07-31,1.4951243630638833,0.18058832428705104,1.73,    0.29
1976-06-30,1.1503075046827238,-1.2462781740239874,0.71,   -1.32
1976-05-31,-1.5646047976148432,-1.0074781646191993,-1.36,   -1.23
1976-04-30,-0.3362755338824994,-0.2746319576372374,-0.16,   -0.11
1976-03-31,-0.32618542204864154,-1.1842301348793687,-0.12,   -1.16
1976-02-29,5.9045941288205945,7.131070155581005,5.87,    7.06
1976-01-31,8.598597682359522,4.214148713362278,8.63,    4.81
1975-12-31,1.106077376098354,-0.5538047905758249,1.69,   -0.78
1975-11-30,1.8951708882593934,-1.069583197848337,2.03,   -1.20
1975-10-31,0.5494312676728029,-4.374458202557106,0.28,   -4.03
1975-09-30,0.4045915272159868,-0.1744657910078662,0.39,   -0.10
1975-08-31,-0.572064964390815,-3.173221319241695,-0.95,   -3.25
1975-07-31,1.542821413478769,2.7449944900502325,1.69,    2.70
1975-06-30,1.6445270519687818,0.47765418527654924,1.38,    0.87
1975-05-31,-3.9407745109802175,3.6836704060215664,-4.1,    3.83
1975-04-30,-1.2086422702024515,-0.7044461318103789,-1.14,   -0.65
1975-03-31,3.14936481714423,3.3160021294853035,2.38,    3.79
1975-02-28,-5.109152809288939,0.5866547612657542,-4.45,    0.16
1975-01-31,7.893407918544651,10.228349524850655,8.28,   11.14
1974-12-31,0.5469196433016965,-4.919353764815497,0.11,   -4.83
1974-11-30,0.278894797899458,-1.2170288032444618,-0.2,   -1.21
1974-10-31,-9.64719972028267,-3.753954197289043,-9.87,   -3.45
1974-09-30,5.3790071633722265,0.21872607669131128,5.58,    0.27
1974-08-31,2.8531480791864157,-0.4409876491063572,2.64,   -0.73
1974-07-31,5.118717419621946,0.8569218822713421,5.16,    0.84
1974-06-30,0.6002267046714465,-0.1735923842615457,0.77,   -0.17
1974-05-31,-2.083733026437111,-3.202519551396458,-2.02,   -2.96
1974-04-30,0.7909417298614406,-1.1233586111027913,0.85,   -0.74
1974-03-31,-0.4016327046067145,2.017672030668586,-0.32,    2.60
1974-02-28,3.0599945181331125,-0.41800029121660703,2.81,   -0.18
1974-01-31,5.328202480842316,9.462721885875716,6.02,    9.68
1973-12-31,4.742138544058669,-5.356999794913535,3.85,   -5.35
1973-11-30,4.035820282014413,-7.711301723896034,3.87,   -7.67
1973-10-31,1.2446988990689052,-0.13750187355120463,1.94,   -0.45
1973-09-30,2.305081296881914,3.026910839192361,2.01,    3.04
1973-08-31,1.1514248157050149,-1.8189689861326903,1.24,   -2.13
1973-07-31,-5.48289145054156,7.831875059210838,-5.31,    7.97
1973-06-30,0.9527790462649053,-2.6321686318197157,1.2,   -2.86
1973-05-31,0.14638476423312063,-5.895486493706706,0.41,   -6.30
1973-04-30,5.6128178084260085,-3.8933466004443704,5.41,   -3.85
1973-03-31,2.643945615621557,-2.7546251736642766,2.62,   -2.82
1973-02-28,1.556370040728583,-3.652375247607584,1.6,   -3.87
1973-01-31,2.3216885563527327,-3.5162655423526687,2.68,   -3.49
1972-12-31,-2.6586217551324696,-1.7633484277233522,-2.19,   -1.95
1972-11-30,4.326658361425894,-0.7384663078263618,4.85,   -1.20
1972-10-31,1.1857235991601174,-2.762758441661349,1.34,   -2.73
1972-09-30,0.6170134717157226,-2.356643380953216,0.46,   -2.65
1972-08-31,4.485998654882677,-3.6180625652918574,4.54,   -4.03
1972-07-31,0.128869491626514,-2.972601811458265,0.66,   -2.87
1972-06-30,-1.5038664952971688,-0.2685813569932465,-2.48,    0.27
1972-05-31,-2.2671677057340562,-2.7972649433047447,-2.7,   -2.69
1972-04-30,0.4044814954672842,0.033297613770731566,0.12,    0.11
1972-03-31,-2.215975998152501,0.11602194881594778,-1.61,   -0.24
1972-02-29,-2.6000460208075316,1.1272735638774105,-2.79,    1.30
1972-01-31,1.6695177492643751,6.2106435638791275,2.24,    5.85
1971-12-31,-0.2942168464060785,3.3567321333271436,-0.4,    3.29
1971-11-30,-1.6796889999604387,-2.8659573129675326,-1.68,   -2.77
1971-10-31,-0.2868364505933807,-2.0427040250227892,-0.48,   -1.76
1971-09-30,-2.1360997390790315,0.20900415734470978,-2.91,    0.51
1971-08-31,2.9170859535734075,-0.41227884393752534,2.63,   -0.17
1971-07-31,-0.2096084810382995,-1.0150973048359657,0.02,   -1.48
1971-06-30,-1.513815712926476,-1.6045559282175725,-1.87,   -1.47
1971-05-31,-1.9500913698968885,-0.8518694822480154,-1.44,   -1.04
1971-04-30,-0.04348582766066436,-0.19316677608460925,0.69,   -0.49
1971-03-31,-4.411511531240281,2.7997208311426816,-3.95,    2.62
1971-02-28,-2.453726277466386,2.210104302294576,-1.23,    1.86
1971-01-31,1.8697021837658867,6.761071686574528,1.33,    7.36
1970-12-31,2.05177266672225,2.7805295406312,1.0,    2.92
1970-11-30,1.096435270203802,-3.680225162529909,1.69,   -3.94
1970-10-31,-0.8207454735823307,-4.148235694645204,0.22,   -4.21
1970-09-30,-6.6209845416693796,8.927959639371242,-5.47,    8.59
1970-08-31,-0.2482694042232482,1.939074728435495,1.15,    1.52
1970-07-31,1.4712236413522914,-0.7910561487032328,0.9,   -0.50
1970-06-30,1.1608181379413134,-1.934537703570368,0.6,   -2.13
1970-05-31,4.419263529300226,-4.777547903357439,3.33,   -4.59
1970-04-30,6.418044981590756,-5.589776320867933,6.18,   -6.15
1970-03-31,4.576744977237375,-1.805095851165072,3.99,   -2.32
1970-02-28,3.359173221636315,-2.6615521952686176,3.93,   -2.58
1970-01-31,2.828648656332358,3.147529871671547,3.13,    2.93
1969-12-31,-2.2210132773927302,-3.3482895015064984,-2.86,   -3.71
1969-11-30,-0.687082343662633,-2.23697888075387,-1.19,   -2.58
1969-10-31,-2.698532171145311,3.069996383203984,-3.16,    3.91
1969-09-30,-3.110478451227532,1.4478629355065302,-3.27,    1.18
1969-08-31,-3.863316477039145,0.7800108842827336,-3.79,    0.93
1969-07-31,1.125242789191394,-2.867072433875686,1.2,   -3.24
1969-06-30,-1.1040041240762577,-5.060453244629139,-1.08,   -5.37
1969-05-31,1.2866489808370618,-0.06205219346112796,0.7,   -0.21
1969-04-30,-0.280593333830198,-0.9216956953531344,-0.03,   -0.86
1969-03-31,-0.40697137923211835,-0.2694695886919479,-0.51,   -0.30
1969-02-28,1.3344637566051407,-3.928572077126736,0.91,   -3.92
1969-01-31,1.186985931745636,-0.674075208283956,1.67,   -0.74
1968-12-31,-0.268396309733817,3.841290081884155,-0.01,    3.37
1968-11-30,-1.810283337298628,2.7694355778220126,-0.92,    2.34
1968-10-31,3.470360303946978,-0.26570735659482736,2.86,   -0.48
1968-09-30,0.36502236571463664,2.35578012021005,0.3,    2.80
1968-08-31,1.3912565122797305,2.2313405109994946,1.01,    2.34
1968-07-31,5.943208235985407,-1.7562533125771471,5.39,   -1.36
1968-06-30,0.6563470315760477,-0.03722724617501519,0.73,   -0.19
1968-05-31,-0.947997195063581,6.403531688669231,0.85,    6.40
1968-04-30,-1.0096863282657909,5.565856340673629,-1.13,    5.68
1968-03-31,-1.1948274715445981,-0.9072387697269914,-0.59,   -1.34
1968-02-29,1.1485198044544689,-2.525734683645179,1.28,   -2.94
1968-01-31,5.38986937251725,3.2367746300656743,4.8,    3.92
1967-12-31,-0.39604225253423786,4.770070627068621,-0.53,    5.73
1967-11-30,-2.1238703044407594,0.005809136700926729,-1.7,    0.21
1967-10-31,-2.3203322882001354,0.6867013427320191,-3.3,    1.46
1967-09-30,-1.124336709611394,2.0491472483826474,-2.5,    3.06
1967-08-31,1.656932576110868,0.03161744893753573,1.44,    0.42
1967-07-31,2.613291552791229,2.6331306167698223,2.73,    3.12
1967-06-30,1.9519222335420214,5.057569002109487,0.85,    5.93
1967-05-31,1.5009531332900492,3.273525076558771,1.09,    1.90
1967-04-30,-1.5621056094515564,1.222696616916187,-2.48,    0.63
1967-03-31,1.346929015514297,1.703515077866233,0.37,    1.55
1967-02-28,-2.499814374167073,1.791343686836304,-2.22,    3.35
1967-01-31,1.951250348359343,6.465543038252752,2.27,    8.32
1966-12-31,-0.15482568952770553,1.904578250843261,-1.19,    1.97
1966-11-30,-6.479471290767715,4.59600584276736,-4.69,    4.24
1966-10-31,2.892671872990369,-4.768410447465128,2.69,   -6.52
1966-09-30,-0.556582921608741,-0.5676244099120582,0.56,   -1.04
1966-08-31,2.1774155699151807,-2.901781572253004,0.43,   -3.27
1966-07-31,0.25318759589163886,0.5108024573311915,0.95,   -0.36
1966-06-30,1.7368837384177402,0.18806338754852872,0.5,    1.03
1966-05-31,-3.3578861539484834,-2.3224245074610295,-1.63,   -4.60
1966-04-30,-0.32526150309140217,2.386551816534989,-0.46,    3.43
1966-03-31,-3.3599817183444576,1.090913216168464,-1.98,    0.99
1966-02-28,2.382416231936942,2.302134492442726,0.33,    4.40
1966-01-31,2.148876966271882,2.6431738505821256,3.56,    3.84
1965-12-31,2.7452384997267,1.324169649242126,2.03,    2.06
1965-11-30,-0.24618905179340095,4.995615879249211,0.15,    4.68
1965-10-31,1.9695413085163247,1.1978732617165346,1.56,    2.52
1965-09-30,-0.695752092488304,0.6030713078513432,-0.13,    0.64
1965-08-31,-1.0893354714230252,2.250367331590167,-1.0,    2.84
1965-07-31,0.9998955679647383,1.4948684910733274,2.2,    0.89
1965-06-30,-1.4020456433408637,-3.499749226638361,0.59,   -4.34
1965-05-31,-0.5307796197129292,0.3374089510610025,-1.61,    0.11
1965-04-30,0.9268580965996427,0.589569391132282,0.66,    1.10
1965-03-31,0.8390137345280001,1.0653825127686423,1.03,    1.89
1965-02-28,0.5579304785024574,3.5737945111399947,0.11,    3.55
1965-01-31,0.5892818747526278,2.8314537621664346,0.12,    2.70
1964-12-31,-2.6827027502276075,0.32686336269547844,-2.48,   -0.35
1964-11-30,-3.6829670203975047,1.1396241536029728,-1.96,    0.69
1964-10-31,-0.6600796314708635,1.49224454082846,1.17,    0.42
1964-09-30,1.754801422097884,0.051206734890355335,1.7,   -0.54
1964-08-31,0.06544270146081055,0.7897188852761932,0.08,    0.16
1964-07-31,-2.5254223262976194,0.9583597440487541,0.75,    0.24
1964-06-30,-0.4777354186850636,-0.6917571236778111,0.62,   -0.12
1964-05-31,-0.810175064779175,0.21324325185595322,1.86,   -0.86
1964-04-30,1.6884022730279513,-0.5298114698748907,-0.67,   -1.35
1964-03-31,3.2190815057925213,0.96445655098017,3.4,    0.87
1964-02-29,0.8178024214694185,-0.9415247855609762,2.81,    0.11
1964-01-31,-1.103331823610728,-0.4834380868599034,1.48,   -0.11
1963-12-31,-2.065730188974149,0.48072589826710055,-0.02,   -2.16
1963-11-30,0.6231692468983376,-0.3995542810804404,1.75,   -1.17
1963-10-31,0.20102897766242217,-0.6195256784410308,-0.1,   -0.58
1963-09-30,0.15597547442248866,-0.3332561379362237,0.13,   -0.33
1963-08-31,2.7006743704470466,-0.77724253656965,1.8,   -0.98
1963-07-31,-1.5828782983893577,0.2254937713635219,-0.97,   -0.45
1963-06-30,-0.4178947181138307,0.02854184861865016,0.75,   -0.27
1963-05-31,1.395080779903644,0.44625600487460915,2.54,    1.13
1963-04-30,-0.41990063711206327,0.2184815745950669,1.0,   -1.34
1963-03-31,-0.17245997242075622,-0.7878929117662357,2.06,   -2.59
1963-02-28,-0.21957638671982957,1.506944976457646,2.18,    0.48
1963-01-31,1.1421714849265068,0.10947072756695153,2.21,    3.08
1962-12-31,0.316861520658282,1.0549050131424098,0.36,   -3.80
1962-11-30,-2.6445743545666462,-0.6565509008990402,0.95,    2.61
1962-10-31,-0.525291080799052,-1.1203751233998265,1.3,   -3.97
1962-09-30,0.4404212083475585,1.1703774329384984,1.28,   -2.42
1962-08-31,0.7023537995121731,-0.16513761617934983,-1.2,    1.22
1962-07-31,-4.5590255474602115,-1.6112107605852306,-3.41,    1.52
